Feature,Importance
PM2.5,0.4097752514619116
PM10,0.27665061318990375
SO2,0.0673803944903459
CO,0.057220899434299574
Longitude,0.05378365224175654
City,0.04892568956272055
Latitude,0.02462354964093503
Aerosol_Optical_Depth,0.023418991188521664
NO2,0.018289059234703437
Ozone,0.01180265294967147
Hour,0.003269916121445551
Day,0.002746549305085426
Month,0.0013039832061604224
Year,0.0008087979725391781
